<?xml version="1.0" encoding="utf-8"?>
<extension version="3" type="plugin" group="content" method="upgrade">
	<name>plg_content_spnshare</name>
	<author>Sergey Kuznetsov (www.seoprosto.net)</author>
	<creationDate>12-06-2020</creationDate>
	<copyright>Copyright (c) 2014 - 2020 SeoProsto.Net. All rights reserved.</copyright>
	<authorEmail>info@seoprosto.net</authorEmail>
	<authorUrl>www.seoprosto.net</authorUrl>
	<version>0.9.7</version>
	<license>http://www.gnu.org/licenses/gpl-2.0.html GNU/GPL</license>
	<description>PLG_CONTENT_SPNSHARE_DESCRIPTION</description>
	<files>
		<filename plugin="spnshare">spnshare.php</filename>
		<filename>index.html</filename>
		<folder>spnshare</folder>
		<folder>css</folder>
		<folder>js</folder>
	</files>
	<languages>
		<language tag="ru-RU">language/ru-RU/ru-RU.plg_content_spnshare.ini</language>
		<language tag="ru-RU">language/ru-RU/ru-RU.plg_content_spnshare.sys.ini</language>
	</languages>
	<config>
		<fields name="params">
			<fieldset name="basic">
                <field
                    name="sitewidth"
                    type="text"
                    label="PLG_CONTENT_SPNSHARE_SITEWIDTH"
                    description="PLG_CONTENT_SPNSHARE_SITEWIDTH_DESC"
                    default="1260"
                    required="true"
                    filter="integer"
                />
                <field
                    name="lefttop"
                    type="text"
                    label="PLG_CONTENT_SPNSHARE_LEFTTOP"
                    description="PLG_CONTENT_SPNSHARE_LEFTTOP_DESC"
                    default="100"
                    required="true"
                    filter="integer"
                />
	        	<field
                	name="minify"
                    type="radio"
                    default="1"
                    label="PLG_CONTENT_SPNSHARE_MINIFY_NAME"
                    description="PLG_CONTENT_SPNSHARE_MINIFY_DESC"
                    class="btn-group btn-group-yesno" >
                    <option value="1">JYES</option>
                    <option value="0">JNO</option>
                </field>
              	<field name="spacer00" type="spacer" hr="true" />
          		<field
					name="spacer"
					type="spacer"
					class="text"
					label="PLG_CONTENT_SPNSHARE_CONTACT_EMAIL"
				/>
              	<field name="spacer01" type="spacer" hr="true" />
				<field
					name="register-require-user"
					type="spacer"
					label="COM_CONTENT_SPNSHARE_DONATE"
					class="text"
				/>
			</fieldset>
		
			<fieldset label="PLG_CONTENT_SPNSHARE_SOCIAL_TAB" name="socialtab"	>
	        	<field
                	name="fb"
                    type="radio"
                    default="0"
                    label="PLG_CONTENT_SPNSHARE_SOCIAL_FB_NAME"
                    description="PLG_CONTENT_SPNSHARE_SOCIAL_FB_DESC"
                    class="btn-group btn-group-yesno" >
                    <option value="1">JYES</option>
                    <option value="0">JNO</option>
                </field>
                <field
                    name="fb_order"
                    type="text"
                    label="PLG_CONTENT_SPNSHARE_SOCIAL_FB_ORDER"
                    description="PLG_CONTENT_SPNSHARE_ORDER_DESC"
                    default="1"
                    required="true"
                    filter="integer"
                />
                <field
                    name="fb_cnt"
                    type="radio"
					default="0"
                    label="PLG_CONTENT_SPNSHARE_SOCIAL_FB_CNT"
                    description="PLG_CONTENT_SPNSHARE_CNT_DESC"
                    class="btn-group btn-group-yesno" >
                    <option value="1">JYES</option>
                    <option value="0">JNO</option>
                </field>
				<field name="spacer02" type="spacer" hr="true" />
                <field
                	name="vk"
                    type="radio"
                    default="0"
                    label="PLG_CONTENT_SPNSHARE_SOCIAL_VK_NAME"
                    description="PLG_CONTENT_SPNSHARE_SOCIAL_VK_DESC"
                    class="btn-group btn-group-yesno" >
                    <option value="1">JYES</option>
                    <option value="0">JNO</option>
                </field>
                <field
                    name="vk_order"
                    type="text"
                    label="PLG_CONTENT_SPNSHARE_SOCIAL_VK_ORDER"
                    description="PLG_CONTENT_SPNSHARE_ORDER_DESC"
                    default="2"
                    required="true"
                    filter="integer"
                />
                <field
                    name="vk_cnt"
                    type="radio"
					default="0"
                    label="PLG_CONTENT_SPNSHARE_SOCIAL_VK_CNT"
                    description="PLG_CONTENT_SPNSHARE_CNT_DESC"
                    class="btn-group btn-group-yesno" >
                    <option value="1">JYES</option>
                    <option value="0">JNO</option>
                </field>
				<field name="spacer03" type="spacer" hr="true" />
                <field
                	name="tw"
                    type="radio"
                    default="0"
                    label="PLG_CONTENT_SPNSHARE_SOCIAL_TW_NAME"
                    description="PLG_CONTENT_SPNSHARE_SOCIAL_TW_DESC"
                    class="btn-group btn-group-yesno" >
                    <option value="1">JYES</option>
                    <option value="0">JNO</option>
                </field>
                <field
                    name="tw_order"
                    type="text"
                    label="PLG_CONTENT_SPNSHARE_SOCIAL_TW_ORDER"
                    description="PLG_CONTENT_SPNSHARE_ORDER_DESC"
                    default="3"
                    required="true"
                    filter="integer"
                />
				<field name="spacer04" type="spacer" hr="true" />                
				<field
                	name="ok"
                    type="radio"
                    default="0"
                    label="PLG_CONTENT_SPNSHARE_SOCIAL_OK_NAME"
                    description="PLG_CONTENT_SPNSHARE_SOCIAL_OK_DESC"
                    class="btn-group btn-group-yesno" >
                    <option value="1">JYES</option>
                    <option value="0">JNO</option>
                </field>
                <field
                    name="ok_order"
                    type="text"
                    label="PLG_CONTENT_SPNSHARE_SOCIAL_OK_ORDER"
                    description="PLG_CONTENT_SPNSHARE_ORDER_DESC"
                    default="4"
                    required="true"
                    filter="integer"
                />
                <field
                    name="ok_cnt"
                    type="radio"
					default="0"
                    label="PLG_CONTENT_SPNSHARE_SOCIAL_OK_CNT"
                    description="PLG_CONTENT_SPNSHARE_CNT_DESC"
                    class="btn-group btn-group-yesno" >
                    <option value="1">JYES</option>
                    <option value="0">JNO</option>
                </field>
				<field name="spacer05" type="spacer" hr="true" />
				<field
                	name="ml"
                    type="radio"
                    default="0"
                    label="PLG_CONTENT_SPNSHARE_SOCIAL_ML_NAME"
                    description="PLG_CONTENT_SPNSHARE_SOCIAL_ML_DESC"
                    class="btn-group btn-group-yesno" >
                    <option value="1">JYES</option>
                    <option value="0">JNO</option>
                </field>
                <field
                    name="ml_order"
                    type="text"
                    label="PLG_CONTENT_SPNSHARE_SOCIAL_ML_ORDER"
                    description="PLG_CONTENT_SPNSHARE_ORDER_DESC"
                    default="5"
                    required="true"
                    filter="integer"
                />
				<field name="spacer06" type="spacer" hr="true" />
				<field
                	name="ln"
                    type="radio"
                    default="0"
                    label="PLG_CONTENT_SPNSHARE_SOCIAL_LN_NAME"
                    description="PLG_CONTENT_SPNSHARE_SOCIAL_LN_DESC"
                    class="btn-group btn-group-yesno" >
                    <option value="1">JYES</option>
                    <option value="0">JNO</option>
                </field>
                <field
                    name="ln_order"
                    type="text"
                    label="PLG_CONTENT_SPNSHARE_SOCIAL_LN_ORDER"
                    description="PLG_CONTENT_SPNSHARE_ORDER_DESC"
                    default="6"
                    required="true"
                    filter="integer"
                />
				<field name="spacer07" type="spacer" hr="true" />
				<field
                	name="pn"
                    type="radio"
                    default="0"
                    label="PLG_CONTENT_SPNSHARE_SOCIAL_PN_NAME"
                    description="PLG_CONTENT_SPNSHARE_SOCIAL_PN_DESC"
                    class="btn-group btn-group-yesno" >
                    <option value="1">JYES</option>
                    <option value="0">JNO</option>
                </field>
                <field
                    name="pn_order"
                    type="text"
                    label="PLG_CONTENT_SPNSHARE_SOCIAL_PN_ORDER"
                    description="PLG_CONTENT_SPNSHARE_ORDER_DESC"
                    default="7"
                    required="true"
                    filter="integer"
                />
				<field name="spacer08" type="spacer" hr="true" />
				<field
                	name="lj"
                    type="radio"
                    default="0"
                    label="PLG_CONTENT_SPNSHARE_SOCIAL_LJ_NAME"
                    description="PLG_CONTENT_SPNSHARE_SOCIAL_LJ_DESC"
                    class="btn-group btn-group-yesno" >
                    <option value="1">JYES</option>
                    <option value="0">JNO</option>
                </field>
                <field
                    name="lj_order"
                    type="text"
                    label="PLG_CONTENT_SPNSHARE_SOCIAL_LJ_ORDER"
                    description="PLG_CONTENT_SPNSHARE_ORDER_DESC"
                    default="8"
                    required="true"
                    filter="integer"
                />
				<field name="spacer09" type="spacer" hr="true" />
				<field
                	name="bl"
                    type="radio"
                    default="0"
                    label="PLG_CONTENT_SPNSHARE_SOCIAL_BL_NAME"
                    description="PLG_CONTENT_SPNSHARE_SOCIAL_BL_DESC"
                    class="btn-group btn-group-yesno" >
                    <option value="1">JYES</option>
                    <option value="0">JNO</option>
                </field>
                <field
                    name="bl_order"
                    type="text"
                    label="PLG_CONTENT_SPNSHARE_SOCIAL_BL_ORDER"
                    description="PLG_CONTENT_SPNSHARE_ORDER_DESC"
                    default="9"
                    required="true"
                    filter="integer"
                />
				<field name="spacer10" type="spacer" hr="true" />
                <field
                	name="wb"
                    type="radio"
                    default="0"
                    label="PLG_CONTENT_SPNSHARE_SOCIAL_WB_NAME"
                    description="PLG_CONTENT_SPNSHARE_SOCIAL_WB_DESC"
                    class="btn-group btn-group-yesno" >
                    <option value="1">JYES</option>
                    <option value="0">JNO</option>
                </field>
                <field
                    name="wb_order"
                    type="text"
                    label="PLG_CONTENT_SPNSHARE_SOCIAL_WB_ORDER"
                    description="PLG_CONTENT_SPNSHARE_ORDER_DESC"
                    default="10"
                    required="true"
                    filter="integer"
                />
				<field name="spacer11" type="spacer" hr="true" />
                <field
                	name="tl"
                    type="radio"
                    default="0"
                    label="PLG_CONTENT_SPNSHARE_SOCIAL_TL_NAME"
                    description="PLG_CONTENT_SPNSHARE_SOCIAL_TL_DESC"
                    class="btn-group btn-group-yesno" >
                    <option value="1">JYES</option>
                    <option value="0">JNO</option>
                </field>
                <field
                    name="tl_order"
                    type="text"
                    label="PLG_CONTENT_SPNSHARE_SOCIAL_TL_ORDER"
                    description="PLG_CONTENT_SPNSHARE_ORDER_DESC"
                    default="12"
                    required="true"
                    filter="integer"
                />
				<field name="spacer12" type="spacer" hr="true" />
                <field
                	name="wa"
                    type="radio"
                    default="0"
                    label="PLG_CONTENT_SPNSHARE_SOCIAL_WA_NAME"
                    description="PLG_CONTENT_SPNSHARE_SOCIAL_WA_DESC"
                    class="btn-group btn-group-yesno" >
                    <option value="1">JYES</option>
                    <option value="0">JNO</option>
                </field>
                <field
                    name="wa_order"
                    type="text"
                    label="PLG_CONTENT_SPNSHARE_SOCIAL_WA_ORDER"
                    description="PLG_CONTENT_SPNSHARE_ORDER_DESC"
                    default="11"
                    required="true"
                    filter="integer"
                />
				<field name="spacer13" type="spacer" hr="true" />
                <field
                	name="vi"
                    type="radio"
                    default="0"
                    label="PLG_CONTENT_SPNSHARE_SOCIAL_VI_NAME"
                    description="PLG_CONTENT_SPNSHARE_SOCIAL_VI_DESC"
                    class="btn-group btn-group-yesno" >
                    <option value="1">JYES</option>
                    <option value="0">JNO</option>
                </field>
                <field
                    name="vi_order"
                    type="text"
                    label="PLG_CONTENT_SPNSHARE_SOCIAL_VI_ORDER"
                    description="PLG_CONTENT_SPNSHARE_ORDER_DESC"
                    default="13"
                    required="true"
                    filter="integer"
                />
                
			</fieldset>
		</fields>			
	</config>
	<updateservers>
		<server type="extension" name="spnshare" priority="1">https://seoprosto.net/update_xml/plg_content_spnshare_update.xml</server>
	</updateservers>
</extension>
